<?xml version="1.0" encoding="UTF-8"?>
<beans xmlns="http://www.springframework.org/schema/beans"
	xmlns:xsi="http://www.w3.org/2001/XMLSchema-instance" 
	xmlns:aop="http://www.springframework.org/schema/aop"
	xsi:schemaLocation="http://www.springframework.org/schema/beans 
	http://www.springframework.org/schema/beans/spring-beans-4.0.xsd">
	
	<bean id="address" class="com.lti.model.Address" scope="prototype">
		<property name="city" value="Mumbai"></property>
		<property name="state" value="MH"></property>
		<property name="pin" value="400706"></property>
	</bean>
	
	<bean id="student" class="com.lti.model.Student" scope="prototype">
		<property name="studentId" value="10"></property>
		<property name="studentName" value="Makarand Bhoir"></property>
		<property name="score" value="60.0"></property>
		<property name="address" ref="address"></property>
	</bean>
	
	<bean id="service" class="com.lti.service.StudentServiceImpl" scope="singleton">
		<property name="dao" ref="dao"></property>
	</bean>
	
	<bean id="dao" class="com.lti.dao.StudentDaoImpl_v2" scope="singleton">
		<property name="template" ref="template"></property>
	</bean>
	
	<bean id="template" class="org.springframework.jdbc.core.JdbcTemplate" scope="singleton">
		<property name="dataSource" ref="ds"></property>
	</bean>
	
	<bean id="ds" class="org.springframework.jdbc.datasource.DriverManagerDataSource" scope="singleton">
		<property name="driverClassName" value="oracle.jdbc.driver.OracleDriver"></property>
		<property name="url" value="jdbc:oracle:thin:@localhost:1521:XE"></property>
		<property name="username" value="makarand"></property>
		<property name="password" value="makarand"></property>
	</bean>
</beans>



